gkv_id,model,status,model_match,gkv_overall_width_raw,manufacturer_evidence,reasoning,manufacturer_source_url,gkv_source_url
18.50.02.2128,Lexis light mit/ ohne Trommelbremse,conflict,exact_gkv,"Gesamtbreite: Sitzbreite + 2,2 cm",HMV 18.50.02.2128; Gesamtbreite (cm): Sitzbreite + 22.,"GKV podaje szerokość siedziska + 2,2 cm. Producent dla tego samego HMV podaje + 22 cm. Różnica wynosi 198 mm dla tej samej szerokości siedziska. Nie poprawiamy surowego GKV automatycznie.",https://www.trendmobil.com/lexis-light-sb-51.html,https://www.gkv-datenaustausch.de/media/dokumente/leistungserbringer_1/sonstige_leistungserbringer/positionsnummernverzeichnisse/20260928_HMV.zip
18.46.06.0014,Quickie Q50 R; Art.-Nr.: 23200000C,match,exact_gkv,Gesamtbreite: 600 mm,Q50 R: Gesamtbreite 600 mm; Hilfsmittelverzeichnis POS.-Nr. 18.46.06.0014.,"Producent podaje dokładny HMV i szerokość całkowitą 600 mm, zgodną z GKV. Dokument dotyczy Q50 R. Nie należy przenosić tego wymiaru na Q50 R Carbon.",https://www.sunrisedice.com/asset-bank/assetfile/76936.pdf,https://www.gkv-datenaustausch.de/media/dokumente/leistungserbringer_1/sonstige_leistungserbringer/positionsnummernverzeichnisse/20260928_HMV.zip
18.50.03.0211,Sopur Xenon²; Art.-Nr.: 768 000 00,insufficient,family_only_historical_variant_unresolved,Gesamtbreite: 57 cm bis 75 cm (je nach Sitzbreite),"24"": 0° SB+160; 2° SB+210; 4° SB+260 mm. 25"": +160/+220/+270 mm. Trommelbremse +20 mm.","GKV z 2015 roku podaje 570–750 mm przy siedzisku 320–500 mm. Formularz z 2025 roku pokazuje zależności od kół i pochylenia, ale nie potwierdza artykułu 76800000 ani historycznego wariantu. Nie przenosimy danych między odmianami FF, SA i Hybrid.",https://www.sunrisedice.com/asset-bank/assetfile/83777.pdf,https://www.gkv-datenaustausch.de/media/dokumente/leistungserbringer_1/sonstige_leistungserbringer/positionsnummernverzeichnisse/20260928_HMV.zip
18.50.03.0224,"Avantgarde 4, Modell Avantgarde DV; Art.-Nrn.: 480F 160=0_C, 480F 160=0_AA03_C mit MA000",match,exact_article,"Gesamtbreite: 49 cm bis 72,5 cm","480F160=0_AA03_C, Avantgarde 4 DV: Gesamtbreite 490-725 mm.","Tabela producenta identyfikuje dokładny artykuł i ten sam zakres szerokości całkowitej co GKV. Instrukcja potwierdza wpływ pochylenia kół. Match dotyczy zakresu szerokości całkowitej, a nie jednej szerokości każdego egzemplarza ani pozostałych parametrów.",https://www.ottobock.com/de-de/product/480F160--0---C-61056,https://www.gkv-datenaustausch.de/media/dokumente/leistungserbringer_1/sonstige_leistungserbringer/positionsnummernverzeichnisse/20260928_HMV.zip
18.50.03.0257,Motus 2 CV; Art.-Nr.: 480F61=2_AB01_C,match,exact_gkv_and_article,"Gesamtbreite: 50,5 Zentimeter - 68,0 Zentimeter","Motus 2 CV, 480F61=2_AB01_C: Gesamtbreite 505-680 mm.","Strona i broszura producenta identyfikują Motus 2 CV, kod artykułu oraz HMV. Szerokość całkowita 505–680 mm zgadza się z GKV. Zakres szerokości siedziska różni się między źródłami i nie jest objęty oceną match.",https://www.ottobock.com/de-de/product/480F61--2---C-106586,https://www.gkv-datenaustausch.de/media/dokumente/leistungserbringer_1/sonstige_leistungserbringer/positionsnummernverzeichnisse/20260928_HMV.zip
18.50.03.5025,Starrahmen Adaptivrollstuhl Ventus; Art.-Nr.: 480A25=00000_K,match,exact_article,Gesamtbreite:             45 cm bis 85 cm,480A25=00000_K: Gesamtbreite 450-850 mm; Sitzbreite 280-500 mm.,Dokładny kod artykułu i zakres szerokości całkowitej 450–850 mm zgadzają się z GKV. Formularz producenta pokazuje zależność od pochylenia kół i szerokości siedziska.,https://www.ottobock.com/de-ch/product/480A25--00000---K-106603,https://www.gkv-datenaustausch.de/media/dokumente/leistungserbringer_1/sonstige_leistungserbringer/positionsnummernverzeichnisse/20260928_HMV.zip
18.50.03.0160,Eurochair Avanti 1.736 -352/353,insufficient,exact_gkv_configuration_unresolved,Gesamtbreite: Sitzbreite + 18 cm,Breite fahrbereit: Sitzbreite + 200 (mit Seitenteil Code 100 SB +180).,"Strona producenta wiąże model 1.736 z tym HMV oraz ramami 352/353. GKV + 180 mm jest zgodne tylko dla osłon bocznych Code 100. GKV nie określa tego kodu, więc nie można zweryfikować bezwarunkowej formuły ani uznać wszystkich konfiguracji za błędne.",https://www.meyra.de/rollstuehle/produktdetails/avanti-1736,https://www.gkv-datenaustausch.de/media/dokumente/leistungserbringer_1/sonstige_leistungserbringer/positionsnummernverzeichnisse/20260928_HMV.zip
18.99.06.1158,M3 Corpus (PPP) mit Sitzlift ; Art.-Nr.: 109047-99-0 mit 107098-99-0,insufficient,family_only_ppp_version_unconfirmed,Gesamtbreite: 65 cm bis 79 cm,Base width615mm; Width incl.seat and armrest650-790mm.,Karta M3 Corpus UK z 2020 roku potwierdza zakres 650–790 mm zgodny z GKV z 2024 roku i oddziela podstawę 615 mm. Nie potwierdza jednak wariantu PPP ani obu kodów artykułów. Zgodność liczb nie wystarcza do pełnego match.,https://hub.permobil.com/hubfs/M-series%20EMEA/UK/M3%20Corpus%20data%20sheet_UK_200917_WEB.pdf?hsLang=en-gb,https://www.gkv-datenaustausch.de/media/dokumente/leistungserbringer_1/sonstige_leistungserbringer/positionsnummernverzeichnisse/20260928_HMV.zip
18.50.04.0193,Quickie Q200 R; Art.-Nr.: 22600251,insufficient,family_only_generation_configuration_unresolved,Gesamtbreite:  58 cm,"Q200R: Total bredd kraftenhet580mm; Total sittbredd48cm sits600-660mm, Armstöd in/ut.","GKV 580 mm może odpowiadać podstawie. Instrukcja Q200 R Configured, Rev. I z 2025 roku, rozdziela podstawę 580 mm i zewnętrzną szerokość siedziska z podłokietnikami, osiągającą 660 mm. Brak powiązania z artykułem 22600251, więc nie rozstrzygamy poprawności historycznego wpisu.",https://www.sunrisedice.com/asset-bank/assetfile/55075.pdf,https://www.gkv-datenaustausch.de/media/dokumente/leistungserbringer_1/sonstige_leistungserbringer/positionsnummernverzeichnisse/20260928_HMV.zip
18.50.04.0194,Quickie Q500 M; Art.-Nr.: 225 0050M-000,insufficient,model_only_wheel_size_mismatch,Gesamtbreite: 62 cm,"Q500 M, 13” Drive wheels: Total width610-620 mm.",GKV podaje 620 mm przy kołach 14 cali. Instrukcja producenta Rev. K podaje 610–620 mm przy kołach 13 cali. Zbieżność 620 mm nie wystarcza do zweryfikowania konfiguracji GKV.,https://dahlengineering.dk/media/260829/om_q500-m-f-r-h_eu_en_revk.pdf,https://www.gkv-datenaustausch.de/media/dokumente/leistungserbringer_1/sonstige_leistungserbringer/positionsnummernverzeichnisse/20260928_HMV.zip
18.50.04.0192,Quickie Q700 M ohne Sitzlift; Art.-Nr.: 2250070M-100,insufficient,model_and_wheel_size_exact_subvariant_unconfirmed,"Gesamtbreite: 62,2 - 66 cm","Q700 M, 14” Drive wheels: Total width622-660 mm.",Instrukcja producenta Rev. L z 2025 roku potwierdza zakres GKV dla Q700 M z kołami 14 cali. Nie wiąże go jednak z artykułem 2250070M-100 bez podnośnika z 2018 roku. Brakuje pełnego dopasowania wariantów.,https://www.sunrisedice.com/asset-bank/assetfile/43539.pdf,https://www.gkv-datenaustausch.de/media/dokumente/leistungserbringer_1/sonstige_leistungserbringer/positionsnummernverzeichnisse/20260928_HMV.zip
18.50.04.0217,Quickie Q300 M Mini; Art.-Nr.: 2280030M-000,conflict,exact_gkv,"Gesamtbreite: 61,0 - 62 cm",HMV18.50.04.0217; Gesamtbreite520-570mm. Koła12/13/14cal:520/540/570mm.,"Broszura producenta zawiera dokładny HMV i rozpisuje szerokość według średnicy kół. Dla kół 13 cali wymienionych w GKV podaje 540 mm, podczas gdy GKV podaje 610–620 mm. To potwierdzona rozbieżność źródeł. Profil użytkownika nadal wymaga potwierdzenia konfiguracji i pomiaru.",https://www.sunrisedice.com/asset-bank/assetfile/59808.pdf,https://www.gkv-datenaustausch.de/media/dokumente/leistungserbringer_1/sonstige_leistungserbringer/positionsnummernverzeichnisse/20260928_HMV.zip
18.50.03.1089,"Avantgarde 4 DV Teen; Art.-Nrn.: 480F160=0_AC01_C mit MA01, MA000",insufficient,exact_gkv_and_article_but_overall_missing,"Gesamtbreite: 49 cm bis 72,5 cm",Avantgarde4 DV Teen; Art.-Nr.480F160=0_AC01_C; HMV18.50.03.1089. Sitzbreite32/34/36/38 cm.,"Formularz dokładnego wariantu potwierdza HMV i szerokości siedziska, ale nie podaje zakresu szerokości całkowitej. Zakres 490–725 mm w ogólnej instrukcji rodziny nie jest jawnie przypisany do Teen, więc nie weryfikuje tego wpisu GKV.",https://assets.ctfassets.net/8ks1shyq5m87/NdBFc3THsyxau6u0V3Byq/871a9783a70c2159e2d59c1fb879341b/Avantgarde_DV_Teen_647F580de_DE-15-2411_e.pdf,https://www.gkv-datenaustausch.de/media/dokumente/leistungserbringer_1/sonstige_leistungserbringer/positionsnummernverzeichnisse/20260928_HMV.zip
