gkv_id,model,manufacturer,dimension,source_label,source_line,kind,unit,normalized_mm_json,qualifier,source_record_added,source_record_changed,source_url
18.50.02.2128,Lexis light mit/ ohne Trommelbremse,Trendmobil GmbH,overall_width,Gesamtbreite,"Gesamtbreite: Sitzbreite + 2,2 cm",formula,cm,"{""formula"": {""variable"": ""seat_width_mm"", ""operator"": ""+"", ""offset_mm"": 22.0}}",,2017-04-26,,https://www.gkv-datenaustausch.de/media/dokumente/leistungserbringer_1/sonstige_leistungserbringer/positionsnummernverzeichnisse/20260928_HMV.zip
18.50.02.2128,Lexis light mit/ ohne Trommelbremse,Trendmobil GmbH,seat_width,Sitzbreite,"Sitzbreite: 42,0 cm bis 51,0 cm",range,cm,"{""min_mm"": 420.0, ""max_mm"": 510.0}",,2017-04-26,,https://www.gkv-datenaustausch.de/media/dokumente/leistungserbringer_1/sonstige_leistungserbringer/positionsnummernverzeichnisse/20260928_HMV.zip
18.46.06.0014,Quickie Q50 R; Art.-Nr.: 23200000C,Sunrise Medical GmbH,overall_width,Gesamtbreite,Gesamtbreite: 600 mm,scalar,mm,"{""value_mm"": 600.0}",,2023-09-28,,https://www.gkv-datenaustausch.de/media/dokumente/leistungserbringer_1/sonstige_leistungserbringer/positionsnummernverzeichnisse/20260928_HMV.zip
18.46.06.0014,Quickie Q50 R; Art.-Nr.: 23200000C,Sunrise Medical GmbH,seat_width,Sitzbreite,Sitzbreite: 430 mm,scalar,mm,"{""value_mm"": 430.0}",,2023-09-28,,https://www.gkv-datenaustausch.de/media/dokumente/leistungserbringer_1/sonstige_leistungserbringer/positionsnummernverzeichnisse/20260928_HMV.zip
18.46.06.0014,Quickie Q50 R; Art.-Nr.: 23200000C,Sunrise Medical GmbH,length_unspecified,Länge,Länge: 855 mm,scalar,mm,"{""value_mm"": 855.0}",,2023-09-28,,https://www.gkv-datenaustausch.de/media/dokumente/leistungserbringer_1/sonstige_leistungserbringer/positionsnummernverzeichnisse/20260928_HMV.zip
18.50.03.0211,Sopur Xenon²; Art.-Nr.: 768 000 00,Sunrise Medical GmbH & Co. KG,overall_width,Gesamtbreite,Gesamtbreite: 57 cm bis 75 cm (je nach Sitzbreite),range,cm,"{""min_mm"": 570.0, ""max_mm"": 750.0}",(je nach Sitzbreite),2015-08-13,,https://www.gkv-datenaustausch.de/media/dokumente/leistungserbringer_1/sonstige_leistungserbringer/positionsnummernverzeichnisse/20260928_HMV.zip
18.50.03.0211,Sopur Xenon²; Art.-Nr.: 768 000 00,Sunrise Medical GmbH & Co. KG,seat_width,Sitzbreite,Sitzbreite: 32 cm bis 50 cm (in 2 cm einstellbar),range,cm,"{""min_mm"": 320.0, ""max_mm"": 500.0}",(in 2 cm einstellbar),2015-08-13,,https://www.gkv-datenaustausch.de/media/dokumente/leistungserbringer_1/sonstige_leistungserbringer/positionsnummernverzeichnisse/20260928_HMV.zip
18.50.03.0224,"Avantgarde 4, Modell Avantgarde DV; Art.-Nrn.: 480F 160=0_C, 480F 160=0_AA03_C mit MA000",Otto Bock Mobility Solutions GmbH,overall_width,Gesamtbreite,"Gesamtbreite: 49 cm bis 72,5 cm",range,cm,"{""min_mm"": 490.0, ""max_mm"": 725.0}",,2017-05-12,,https://www.gkv-datenaustausch.de/media/dokumente/leistungserbringer_1/sonstige_leistungserbringer/positionsnummernverzeichnisse/20260928_HMV.zip
18.50.03.0224,"Avantgarde 4, Modell Avantgarde DV; Art.-Nrn.: 480F 160=0_C, 480F 160=0_AA03_C mit MA000",Otto Bock Mobility Solutions GmbH,seat_width,Sitzbreite,Sitzbreite: 32 cm bis 50 cm,range,cm,"{""min_mm"": 320.0, ""max_mm"": 500.0}",,2017-05-12,,https://www.gkv-datenaustausch.de/media/dokumente/leistungserbringer_1/sonstige_leistungserbringer/positionsnummernverzeichnisse/20260928_HMV.zip
18.50.03.0257,Motus 2 CV; Art.-Nr.: 480F61=2_AB01_C,Otto Bock Mobility Solutions GmbH,overall_width,Gesamtbreite,"Gesamtbreite: 50,5 Zentimeter - 68,0 Zentimeter",range,cm,"{""min_mm"": 505.0, ""max_mm"": 680.0}",,2021-10-25,2026-06-29,https://www.gkv-datenaustausch.de/media/dokumente/leistungserbringer_1/sonstige_leistungserbringer/positionsnummernverzeichnisse/20260928_HMV.zip
18.50.03.0257,Motus 2 CV; Art.-Nr.: 480F61=2_AB01_C,Otto Bock Mobility Solutions GmbH,seat_width,Sitzbreite,"Sitzbreite: 35,5 Zentimeter - 55,5 Zentimeter",range,cm,"{""min_mm"": 355.0, ""max_mm"": 555.0}",,2021-10-25,2026-06-29,https://www.gkv-datenaustausch.de/media/dokumente/leistungserbringer_1/sonstige_leistungserbringer/positionsnummernverzeichnisse/20260928_HMV.zip
18.50.03.5025,Starrahmen Adaptivrollstuhl Ventus; Art.-Nr.: 480A25=00000_K,Otto Bock HealthCare Deutschland GmbH,overall_width,Gesamtbreite,Gesamtbreite:             45 cm bis 85 cm,range,cm,"{""min_mm"": 450.0, ""max_mm"": 850.0}",,2020-03-11,,https://www.gkv-datenaustausch.de/media/dokumente/leistungserbringer_1/sonstige_leistungserbringer/positionsnummernverzeichnisse/20260928_HMV.zip
18.50.03.5025,Starrahmen Adaptivrollstuhl Ventus; Art.-Nr.: 480A25=00000_K,Otto Bock HealthCare Deutschland GmbH,seat_width,Sitzbreite,Sitzbreite:           28 cm bis 50 cm,range,cm,"{""min_mm"": 280.0, ""max_mm"": 500.0}",,2020-03-11,,https://www.gkv-datenaustausch.de/media/dokumente/leistungserbringer_1/sonstige_leistungserbringer/positionsnummernverzeichnisse/20260928_HMV.zip
18.50.03.0160,Eurochair Avanti 1.736 -352/353,Fa. MEYRA GmbH,overall_width,Gesamtbreite,Gesamtbreite: Sitzbreite + 18 cm,formula,cm,"{""formula"": {""variable"": ""seat_width_mm"", ""operator"": ""+"", ""offset_mm"": 180.0}}",,2007-09-15,2015-01-29,https://www.gkv-datenaustausch.de/media/dokumente/leistungserbringer_1/sonstige_leistungserbringer/positionsnummernverzeichnisse/20260928_HMV.zip
18.50.03.0160,Eurochair Avanti 1.736 -352/353,Fa. MEYRA GmbH,seat_width,Sitzbreite,"Sitzbreite: 38, 40, 43, 46, 48, 50, 53, 58 cm",set,cm,"{""values_mm"": [380.0, 400.0, 430.0, 460.0, 480.0, 500.0, 530.0, 580.0]}",,2007-09-15,2015-01-29,https://www.gkv-datenaustausch.de/media/dokumente/leistungserbringer_1/sonstige_leistungserbringer/positionsnummernverzeichnisse/20260928_HMV.zip
18.99.06.1158,M3 Corpus (PPP) mit Sitzlift ; Art.-Nr.: 109047-99-0 mit 107098-99-0,Permobil AB,overall_width,Gesamtbreite,Gesamtbreite: 65 cm bis 79 cm,range,cm,"{""min_mm"": 650.0, ""max_mm"": 790.0}",,2024-05-28,,https://www.gkv-datenaustausch.de/media/dokumente/leistungserbringer_1/sonstige_leistungserbringer/positionsnummernverzeichnisse/20260928_HMV.zip
18.99.06.1158,M3 Corpus (PPP) mit Sitzlift ; Art.-Nr.: 109047-99-0 mit 107098-99-0,Permobil AB,seat_width,Sitzbreite,Sitzbreite: 42 - 57 cm (in 50 mm-Stufen),range,cm,"{""min_mm"": 420.0, ""max_mm"": 570.0}",(in 50 mm-Stufen),2024-05-28,,https://www.gkv-datenaustausch.de/media/dokumente/leistungserbringer_1/sonstige_leistungserbringer/positionsnummernverzeichnisse/20260928_HMV.zip
18.50.04.0193,Quickie Q200 R; Art.-Nr.: 22600251,Sunrise Medical GmbH,overall_width,Gesamtbreite,Gesamtbreite:  58 cm,scalar,cm,"{""value_mm"": 580.0}",,2018-08-02,2024-06-28,https://www.gkv-datenaustausch.de/media/dokumente/leistungserbringer_1/sonstige_leistungserbringer/positionsnummernverzeichnisse/20260928_HMV.zip
18.50.04.0193,Quickie Q200 R; Art.-Nr.: 22600251,Sunrise Medical GmbH,seat_width,Sitzbreite,Sitzbreite: 40 - 50 cm einstellbar,range,cm,"{""min_mm"": 400.0, ""max_mm"": 500.0}",einstellbar,2018-08-02,2024-06-28,https://www.gkv-datenaustausch.de/media/dokumente/leistungserbringer_1/sonstige_leistungserbringer/positionsnummernverzeichnisse/20260928_HMV.zip
18.50.04.0194,Quickie Q500 M; Art.-Nr.: 225 0050M-000,Sunrise Medical Limited,overall_width,Gesamtbreite,Gesamtbreite: 62 cm,scalar,cm,"{""value_mm"": 620.0}",,2018-09-28,,https://www.gkv-datenaustausch.de/media/dokumente/leistungserbringer_1/sonstige_leistungserbringer/positionsnummernverzeichnisse/20260928_HMV.zip
18.50.04.0194,Quickie Q500 M; Art.-Nr.: 225 0050M-000,Sunrise Medical Limited,seat_width,Sitzbreite,Sitzbreite: 38 - 56 cm einstellbar,range,cm,"{""min_mm"": 380.0, ""max_mm"": 560.0}",einstellbar,2018-09-28,,https://www.gkv-datenaustausch.de/media/dokumente/leistungserbringer_1/sonstige_leistungserbringer/positionsnummernverzeichnisse/20260928_HMV.zip
18.50.04.0192,Quickie Q700 M ohne Sitzlift; Art.-Nr.: 2250070M-100,Sunrise Medical GmbH,overall_width,Gesamtbreite,"Gesamtbreite: 62,2 - 66 cm",range,cm,"{""min_mm"": 622.0, ""max_mm"": 660.0}",,2018-08-02,,https://www.gkv-datenaustausch.de/media/dokumente/leistungserbringer_1/sonstige_leistungserbringer/positionsnummernverzeichnisse/20260928_HMV.zip
18.50.04.0192,Quickie Q700 M ohne Sitzlift; Art.-Nr.: 2250070M-100,Sunrise Medical GmbH,seat_width,Sitzbreite,Sitzbreite: 40 - 56 cm einstellbar,range,cm,"{""min_mm"": 400.0, ""max_mm"": 560.0}",einstellbar,2018-08-02,,https://www.gkv-datenaustausch.de/media/dokumente/leistungserbringer_1/sonstige_leistungserbringer/positionsnummernverzeichnisse/20260928_HMV.zip
18.50.04.0217,Quickie Q300 M Mini; Art.-Nr.: 2280030M-000,Sunrise Medical GmbH & Co. KG,overall_width,Gesamtbreite,"Gesamtbreite: 61,0 - 62 cm",range,cm,"{""min_mm"": 610.0, ""max_mm"": 620.0}",,2021-01-21,,https://www.gkv-datenaustausch.de/media/dokumente/leistungserbringer_1/sonstige_leistungserbringer/positionsnummernverzeichnisse/20260928_HMV.zip
18.50.04.0217,Quickie Q300 M Mini; Art.-Nr.: 2280030M-000,Sunrise Medical GmbH & Co. KG,seat_width,Sitzbreite,"Sitzbreite: 38,5 - 51 cm einstellbar",range,cm,"{""min_mm"": 385.0, ""max_mm"": 510.0}",einstellbar,2021-01-21,,https://www.gkv-datenaustausch.de/media/dokumente/leistungserbringer_1/sonstige_leistungserbringer/positionsnummernverzeichnisse/20260928_HMV.zip
18.50.03.1089,"Avantgarde 4 DV Teen; Art.-Nrn.: 480F160=0_AC01_C mit MA01, MA000",Otto Bock Mobility Solutions GmbH,overall_width,Gesamtbreite,"Gesamtbreite: 49 cm bis 72,5 cm",range,cm,"{""min_mm"": 490.0, ""max_mm"": 725.0}",,2018-03-23,,https://www.gkv-datenaustausch.de/media/dokumente/leistungserbringer_1/sonstige_leistungserbringer/positionsnummernverzeichnisse/20260928_HMV.zip
18.50.03.1089,"Avantgarde 4 DV Teen; Art.-Nrn.: 480F160=0_AC01_C mit MA01, MA000",Otto Bock Mobility Solutions GmbH,seat_width,Sitzbreite,Sitzbreite: 32 cm bis 38 cm,range,cm,"{""min_mm"": 320.0, ""max_mm"": 380.0}",,2018-03-23,,https://www.gkv-datenaustausch.de/media/dokumente/leistungserbringer_1/sonstige_leistungserbringer/positionsnummernverzeichnisse/20260928_HMV.zip
